condition,stage,generation_status,count
baseline,first_attempt,complete,30
baseline,first_attempt,incomplete_response,2
baseline,first_attempt,transport_or_parse_error,4
baseline,selected_attempt,complete,33
baseline,selected_attempt,incomplete_response,2
baseline,selected_attempt,transport_or_parse_error,1
shifted_baseline,first_attempt,complete,33
shifted_baseline,first_attempt,incomplete_response,0
shifted_baseline,first_attempt,transport_or_parse_error,3
shifted_baseline,selected_attempt,complete,36
shifted_baseline,selected_attempt,incomplete_response,0
shifted_baseline,selected_attempt,transport_or_parse_error,0
shifted_docground,first_attempt,complete,34
shifted_docground,first_attempt,incomplete_response,1
shifted_docground,first_attempt,transport_or_parse_error,1
shifted_docground,selected_attempt,complete,35
shifted_docground,selected_attempt,incomplete_response,1
shifted_docground,selected_attempt,transport_or_parse_error,0
