provider,model_id,condition,planned_slots,complete_slots,missing_slots,functional_pass,functional_rate_complete
deepseek,deepseek-flash,baseline,6,6,0,6,1.0
deepseek,deepseek-flash,shifted_baseline,6,6,0,5,0.833333
deepseek,deepseek-flash,shifted_docground,6,6,0,6,1.0
glm,glm-4.5,baseline,6,6,0,6,1.0
glm,glm-4.5,shifted_baseline,6,6,0,5,0.833333
glm,glm-4.5,shifted_docground,6,6,0,4,0.666667
glm,glm-4.5-air,baseline,6,5,1,5,1.0
glm,glm-4.5-air,shifted_baseline,6,6,0,2,0.333333
glm,glm-4.5-air,shifted_docground,6,6,0,5,0.833333
mistral,codestral-2508,baseline,6,5,1,4,0.8
mistral,codestral-2508,shifted_baseline,6,6,0,3,0.5
mistral,codestral-2508,shifted_docground,6,6,0,6,1.0
xai,grok-4.20-0309-non-reasoning,baseline,6,6,0,6,1.0
xai,grok-4.20-0309-non-reasoning,shifted_baseline,6,6,0,2,0.333333
xai,grok-4.20-0309-non-reasoning,shifted_docground,6,6,0,6,1.0
xai,grok-4.20-0309-reasoning,baseline,6,5,1,4,0.8
xai,grok-4.20-0309-reasoning,shifted_baseline,6,6,0,5,0.833333
xai,grok-4.20-0309-reasoning,shifted_docground,6,5,1,4,0.8
