comparison,metric,delta_pp,ci_low_pp,ci_high_pp,ci_method,bootstrap_resamples,n_task_clusters
shifted_baseline_minus_baseline,functional,-35.0,-57.78,-15.0,task_cluster_bootstrap,5000,6
shifted_baseline_minus_baseline,api_issue,15.56,6.67,24.44,task_cluster_bootstrap,5000,6
shifted_baseline_minus_baseline,security_issue,0.0,0.0,0.0,task_cluster_bootstrap,5000,6
shifted_docground_minus_shifted_baseline,functional,28.33,17.22,45.0,task_cluster_bootstrap,5000,6
shifted_docground_minus_shifted_baseline,api_issue,-6.67,-22.78,5.56,task_cluster_bootstrap,5000,6
shifted_docground_minus_shifted_baseline,security_issue,5.56,0.0,11.11,task_cluster_bootstrap,5000,6
shifted_docground_minus_baseline,functional,-5.56,-15.56,6.67,task_cluster_bootstrap,5000,6
shifted_docground_minus_baseline,api_issue,6.11,0.0,12.78,task_cluster_bootstrap,5000,6
shifted_docground_minus_baseline,security_issue,6.11,0.0,12.79,task_cluster_bootstrap,5000,6
