provider,model_id,task_id,baseline_generation_status,baseline_functional_status,shifted_baseline_generation_status,shifted_baseline_functional_status,shifted_docground_generation_status,shifted_docground_functional_status,pair_generation_status,grounding_core_pair_generation_status
deepseek,deepseek-flash,api-numpy-norm,complete,pass,complete,pass,complete,pass,complete_pair,complete_pair
deepseek,deepseek-flash,api-numpy-reshape,complete,pass,complete,pass,complete,pass,complete_pair,complete_pair
deepseek,deepseek-flash,api-pandas-groupby,complete,pass,complete,fail,complete,pass,complete_pair,complete_pair
deepseek,deepseek-flash,api-pandas-merge,complete,pass,complete,pass,complete,pass,complete_pair,complete_pair
deepseek,deepseek-flash,api-requests-get-json,complete,pass,complete,pass,complete,pass,complete_pair,complete_pair
deepseek,deepseek-flash,api-requests-post-json,complete,pass,complete,pass,complete,pass,complete_pair,complete_pair
glm,glm-4.5,api-numpy-norm,complete,pass,complete,pass,complete,fail,complete_pair,complete_pair
glm,glm-4.5,api-numpy-reshape,complete,pass,complete,pass,complete,pass,complete_pair,complete_pair
glm,glm-4.5,api-pandas-groupby,complete,pass,complete,fail,complete,pass,complete_pair,complete_pair
glm,glm-4.5,api-pandas-merge,complete,pass,complete,pass,complete,fail,complete_pair,complete_pair
glm,glm-4.5,api-requests-get-json,complete,pass,complete,pass,complete,pass,complete_pair,complete_pair
glm,glm-4.5,api-requests-post-json,complete,pass,complete,pass,complete,pass,complete_pair,complete_pair
glm,glm-4.5-air,api-numpy-norm,complete,pass,complete,fail,complete,pass,complete_pair,complete_pair
glm,glm-4.5-air,api-numpy-reshape,complete,pass,complete,pass,complete,pass,complete_pair,complete_pair
glm,glm-4.5-air,api-pandas-groupby,complete,pass,complete,fail,complete,fail,complete_pair,complete_pair
glm,glm-4.5-air,api-pandas-merge,complete,pass,complete,fail,complete,pass,complete_pair,complete_pair
glm,glm-4.5-air,api-requests-get-json,complete,pass,complete,fail,complete,pass,complete_pair,complete_pair
glm,glm-4.5-air,api-requests-post-json,incomplete_response,not_run,complete,pass,complete,pass,mixed_generation_pair,complete_pair
mistral,codestral-2508,api-numpy-norm,complete,fail,complete,fail,complete,pass,complete_pair,complete_pair
mistral,codestral-2508,api-numpy-reshape,complete,pass,complete,pass,complete,pass,complete_pair,complete_pair
mistral,codestral-2508,api-pandas-groupby,complete,pass,complete,fail,complete,pass,complete_pair,complete_pair
mistral,codestral-2508,api-pandas-merge,incomplete_response,not_run,complete,pass,complete,pass,mixed_generation_pair,complete_pair
mistral,codestral-2508,api-requests-get-json,complete,pass,complete,fail,complete,pass,complete_pair,complete_pair
mistral,codestral-2508,api-requests-post-json,complete,pass,complete,pass,complete,pass,complete_pair,complete_pair
xai,grok-4.20-0309-non-reasoning,api-numpy-norm,complete,pass,complete,pass,complete,pass,complete_pair,complete_pair
xai,grok-4.20-0309-non-reasoning,api-numpy-reshape,complete,pass,complete,fail,complete,pass,complete_pair,complete_pair
xai,grok-4.20-0309-non-reasoning,api-pandas-groupby,complete,pass,complete,pass,complete,pass,complete_pair,complete_pair
xai,grok-4.20-0309-non-reasoning,api-pandas-merge,complete,pass,complete,fail,complete,pass,complete_pair,complete_pair
xai,grok-4.20-0309-non-reasoning,api-requests-get-json,complete,pass,complete,fail,complete,pass,complete_pair,complete_pair
xai,grok-4.20-0309-non-reasoning,api-requests-post-json,complete,pass,complete,fail,complete,pass,complete_pair,complete_pair
xai,grok-4.20-0309-reasoning,api-numpy-norm,transport_or_parse_error,not_run,complete,pass,complete,pass,infrastructure_error_pair,complete_pair
xai,grok-4.20-0309-reasoning,api-numpy-reshape,complete,pass,complete,pass,incomplete_response,not_run,complete_pair,mixed_generation_pair
xai,grok-4.20-0309-reasoning,api-pandas-groupby,complete,pass,complete,fail,complete,pass,complete_pair,complete_pair
xai,grok-4.20-0309-reasoning,api-pandas-merge,complete,pass,complete,pass,complete,pass,complete_pair,complete_pair
xai,grok-4.20-0309-reasoning,api-requests-get-json,complete,pass,complete,pass,complete,fail,complete_pair,complete_pair
xai,grok-4.20-0309-reasoning,api-requests-post-json,complete,fail,complete,pass,complete,pass,complete_pair,complete_pair
