task_id,condition,complete_slots,functional_pass,functional_rate_complete
api-numpy-norm,baseline,5,4,0.8
api-numpy-norm,shifted_baseline,6,4,0.666667
api-numpy-norm,shifted_docground,6,5,0.833333
api-numpy-reshape,baseline,6,6,1.0
api-numpy-reshape,shifted_baseline,6,5,0.833333
api-numpy-reshape,shifted_docground,5,5,1.0
api-pandas-groupby,baseline,6,6,1.0
api-pandas-groupby,shifted_baseline,6,1,0.166667
api-pandas-groupby,shifted_docground,6,5,0.833333
api-pandas-merge,baseline,5,5,1.0
api-pandas-merge,shifted_baseline,6,4,0.666667
api-pandas-merge,shifted_docground,6,5,0.833333
api-requests-get-json,baseline,6,6,1.0
api-requests-get-json,shifted_baseline,6,3,0.5
api-requests-get-json,shifted_docground,6,5,0.833333
api-requests-post-json,baseline,5,4,0.8
api-requests-post-json,shifted_baseline,6,5,0.833333
api-requests-post-json,shifted_docground,6,6,1.0
